name,date,tap_index,timestamp_abs
p01,2025_04_21_23_02_35_943999,1,17.1355444000219
p01,2025_04_21_23_02_35_943999,2,17.56904490001034
p01,2025_04_21_23_02_35_943999,3,17.969176200043876
p01,2025_04_21_23_02_35_943999,4,18.40173839998897
p01,2025_04_21_23_02_35_943999,5,18.836061000009067
p01,2025_04_21_23_02_35_943999,6,19.286188300000504
p01,2025_04_21_23_02_35_943999,7,19.685587599989958
p01,2025_04_21_23_02_35_943999,8,20.085785800009035
p01,2025_04_21_23_02_35_943999,9,20.536164599994663
p01,2025_04_21_23_02_35_943999,10,20.985875400016084
p01,2025_04_21_23_02_35_943999,11,21.420236800040584
p01,2025_04_21_23_02_35_943999,12,21.868799899995793
p01,2025_04_21_23_02_35_943999,13,22.28591310000047
p01,2025_04_21_23_02_35_943999,14,22.768880099989474
p01,2025_04_21_23_02_35_943999,15,23.203059800027404
p01,2025_04_21_23_02_35_943999,16,23.652372400043532
p01,2025_04_21_23_02_35_943999,17,24.103398600011133
p01,2025_04_21_23_02_35_943999,18,24.568717400019523
p01,2025_04_21_23_02_35_943999,19,25.003324699995574
p01,2025_04_21_23_02_35_943999,20,25.469883700017817
p01,2025_04_21_23_02_35_943999,21,25.886122299998533
p01,2025_04_21_23_02_35_943999,22,26.35261579998769
p01,2025_04_21_23_02_35_943999,23,26.786795400024857
p01,2025_04_21_23_02_35_943999,24,27.235728100000415
p01,2025_04_21_23_02_35_943999,25,27.685624900041148
p01,2025_04_21_23_02_35_943999,26,28.119873900024686
p01,2025_04_21_23_02_35_943999,27,28.552872900036164
p01,2025_04_21_23_02_35_943999,28,28.98710090003442
p01,2025_04_21_23_02_35_943999,29,29.437160500034224
p01,2025_04_21_23_02_35_943999,30,29.90180260001216
p01,2025_04_21_23_02_35_943999,31,30.336063100025058
p01,2025_04_21_23_02_35_943999,32,30.820137100003194
p01,2025_04_21_23_02_35_943999,33,31.219666499993764
p01,2025_04_21_23_02_35_943999,34,31.636404099990614
p01,2025_04_21_23_02_35_943999,35,32.05206710001221
p01,2025_04_21_23_02_35_943999,36,32.52069400000619
p01,2025_04_21_23_02_35_943999,37,32.903379400027916
p01,2025_04_21_23_02_35_943999,38,33.2862860999885
p01,2025_04_21_23_02_35_943999,39,33.73551180004142
p01,2025_04_21_23_02_35_943999,40,34.18650000001071
p01,2025_04_21_23_02_35_943999,41,34.65235510002822
p01,2025_04_21_23_02_35_943999,42,35.10178600001382
p01,2025_04_21_23_02_35_943999,43,35.53666929999599
p01,2025_04_21_23_02_35_943999,44,35.98664000001736
p01,2025_04_21_23_02_35_943999,45,36.47009220003383
p01,2025_04_21_23_02_35_943999,46,36.935920600022655
p01,2025_04_21_23_02_35_943999,47,37.35293550003553
p01,2025_04_21_23_02_35_943999,48,37.818462700000964
p01,2025_04_21_23_02_35_943999,49,38.2533663000213
p01,2025_04_21_23_02_35_943999,50,38.736428200034425
p01,2025_04_21_23_02_35_943999,51,39.13528019998921
p01,2025_04_21_23_02_35_943999,52,39.57006320002256
p01,2025_04_21_23_02_35_943999,53,40.07028889999492
p01,2025_04_21_23_02_35_943999,54,40.48748780001188
p01,2025_04_21_23_02_35_943999,55,40.93644510000013
p01,2025_04_21_23_02_35_943999,56,41.369112999993376
p01,2025_04_21_23_02_35_943999,57,41.836092000012286
p01,2025_04_21_23_02_35_943999,58,42.253560599987395
p01,2025_04_21_23_02_35_943999,59,42.70197100000223
p01,2025_04_21_23_02_35_943999,60,43.13669270003447
p01,2025_04_21_23_02_35_943999,61,43.586438700032886
p01,2025_04_21_23_02_35_943999,62,43.98680410004454
p01,2025_04_21_23_02_35_943999,63,44.43668530002469
p01,2025_04_21_23_02_35_943999,64,44.86904560000403
p01,2025_04_21_23_02_35_943999,65,45.32008159998804
p01,2025_04_21_23_02_35_943999,66,45.77075720002176
p01,2025_04_21_23_02_35_943999,67,46.187378100003116
p01,2025_04_21_23_02_35_943999,68,46.6529898000299
p01,2025_04_21_23_02_35_943999,69,47.10306210000999
p01,2025_04_21_23_02_35_943999,70,47.553824900009204
p01,2025_04_21_23_02_35_943999,71,47.98629190004431
p01,2025_04_21_23_02_35_943999,72,48.419532700034324
p01,2025_04_21_23_02_35_943999,73,48.88545870000962
p01,2025_04_21_23_02_35_943999,74,49.33604359999299
p01,2025_04_21_23_02_35_943999,75,49.7701623000321
p01,2025_04_21_23_02_35_943999,76,50.25250540004345
p01,2025_04_21_23_02_35_943999,77,50.65326410002308
p01,2025_04_21_23_02_35_943999,78,51.13650270004291
p01,2025_04_21_23_02_35_943999,79,51.536775000044145
p01,2025_04_21_23_02_35_943999,80,51.95233510003891
p01,2025_04_21_23_02_35_943999,81,52.287024300021585
p01,2025_04_21_23_02_35_943999,82,52.60371550003765
p01,2025_04_21_23_02_35_943999,83,53.0864428000059
p01,2025_04_21_23_02_35_943999,84,53.55366360000335
p01,2025_04_21_23_02_35_943999,85,54.00289549998706
p01,2025_04_21_23_02_35_943999,86,54.45376980002038
p01,2025_04_21_23_02_35_943999,87,54.870690700015984
p01,2025_04_21_23_02_35_943999,88,55.303579100000206
p01,2025_04_21_23_02_35_943999,89,55.720960600010585
p01,2025_04_21_23_02_35_943999,90,56.1526457000291
p01,2025_04_21_23_02_35_943999,91,56.55324560002191
p01,2025_04_21_23_02_35_943999,92,56.952162500005215
p01,2025_04_21_23_02_35_943999,93,57.37028910004301
p01,2025_04_21_23_02_35_943999,94,57.88570909999544
p01,2025_04_21_23_02_35_943999,95,58.286458000016864
p01,2025_04_21_23_02_35_943999,96,58.73628980002832
p01,2025_04_21_23_02_35_943999,97,59.1534493000363
p01,2025_04_21_23_02_35_943999,98,59.586554200039245
p01,2025_04_21_23_02_35_943999,99,60.019589800038375
p01,2025_04_21_23_02_35_943999,100,60.38693300000159
p01,2025_04_21_23_02_35_943999,101,60.720652499992866
p01,2025_04_21_23_02_35_943999,102,61.07002670003567
p01,2025_04_21_23_02_35_943999,103,61.40299700002652
p01,2025_04_21_23_02_35_943999,104,61.7866328000091
p01,2025_04_21_23_02_35_943999,105,62.070376400020905
p01,2025_04_21_23_02_35_943999,106,62.386467100004666
p01,2025_04_21_23_02_35_943999,107,62.80278490000637
p01,2025_04_21_23_02_35_943999,108,63.219134800019674
p01,2025_04_21_23_02_35_943999,109,63.636219900043216
p01,2025_04_21_23_02_35_943999,110,64.05295969999861
p01,2025_04_21_23_02_35_943999,111,64.4201224000426
p01,2025_04_21_23_02_35_943999,112,64.81911740003852
p01,2025_04_21_23_02_35_943999,113,65.25269410002511
p01,2025_04_21_23_02_35_943999,114,65.63637730001938
p01,2025_04_21_23_02_35_943999,115,66.05231360002654
p01,2025_04_21_23_02_35_943999,116,66.50346360000549
p01,2025_04_21_23_02_35_943999,117,66.85189190000528
p01,2025_04_21_23_02_35_943999,118,67.2873186999932
p01,2025_04_21_23_02_35_943999,119,67.66911170003004
p01,2025_04_21_23_02_35_943999,120,68.12006779998774
p01,2025_04_21_23_02_35_943999,121,68.50385670003016
p01,2025_04_21_23_02_35_943999,122,68.91954800003441
p01,2025_04_21_23_02_35_943999,123,69.28573730000062
p01,2025_04_21_23_02_35_943999,124,69.75371970003471
p01,2025_04_21_23_02_35_943999,125,70.1858165000449
p01,2025_04_21_23_02_35_943999,126,70.62067440000828
p01,2025_04_21_23_02_35_943999,127,71.0195309999981
p01,2025_04_21_23_02_35_943999,128,71.40253180003492
p01,2025_04_21_23_02_35_943999,129,71.83624169998802
p01,2025_04_21_23_02_35_943999,130,72.60275100002764
p01,2025_04_21_23_02_35_943999,131,73.03503989998717
p01,2025_04_21_23_02_35_943999,132,73.47100409999257
p01,2025_04_21_23_02_35_943999,133,74.0024315000046
p01,2025_04_21_23_02_35_943999,134,74.43691079999553
p01,2025_04_21_23_02_35_943999,135,74.83637440000894
p01,2025_04_21_23_02_35_943999,136,75.2537275000359
p01,2025_04_21_23_02_35_943999,137,75.70249870000407
p01,2025_04_21_23_02_35_943999,138,76.12027960002888
p01,2025_04_21_23_02_35_943999,139,76.50360970001202
p01,2025_04_21_23_02_35_943999,140,76.91903900000034
p01,2025_04_21_23_02_35_943999,141,77.35266860004049
p01,2025_04_21_23_02_35_943999,142,77.7360989000299
p01,2025_04_21_23_02_35_943999,143,78.185833800002
p01,2025_04_21_23_02_35_943999,144,78.6029710000148
p01,2025_04_21_23_02_35_943999,145,79.0189018000383
p01,2025_04_21_23_02_35_943999,146,79.43557219998911
p01,2025_04_21_23_02_35_943999,147,79.88618490000954
p01,2025_04_21_23_02_35_943999,148,80.33576350001385
p01,2025_04_21_23_02_35_943999,149,80.75346790003823
p01,2025_04_21_23_02_35_943999,150,81.20259370002896
p01,2025_04_21_23_02_35_943999,151,81.60265990003245
p01,2025_04_21_23_02_35_943999,152,82.03564950003056
p01,2025_04_21_23_02_35_943999,153,82.4862756000366
p01,2025_04_21_23_02_35_943999,154,82.95336480002152
p01,2025_04_21_23_02_35_943999,155,83.36920020001708
p01,2025_04_21_23_02_35_943999,156,83.78545289998874
p01,2025_04_21_23_02_35_943999,157,84.23650230001658
p01,2025_04_21_23_02_35_943999,158,84.62000450002961
p01,2025_04_21_23_02_35_943999,159,85.06921069999225
p01,2025_04_21_23_02_35_943999,160,85.55412760004401
p01,2025_04_21_23_02_35_943999,161,85.95286499999929
p01,2025_04_21_23_02_35_943999,162,86.41871759999776
p01,2025_04_21_23_02_35_943999,163,86.8519968999899
p01,2025_04_21_23_02_35_943999,164,87.30316410004161
p01,2025_04_21_23_02_35_943999,165,87.73629200004507
p01,2025_04_21_23_02_35_943999,166,88.18612680002116
p01,2025_04_21_23_02_35_943999,167,88.60403899999801
p01,2025_04_21_23_02_35_943999,168,89.03530250000767
p01,2025_04_21_23_02_35_943999,169,89.47028499998851
p01,2025_04_21_23_02_35_943999,170,89.90199600002961
p01,2025_04_21_23_02_35_943999,171,90.3020181999891
p01,2025_04_21_23_02_35_943999,172,90.7520005000406
p01,2025_04_21_23_02_35_943999,173,91.15277990000322
p01,2025_04_21_23_02_35_943999,174,91.56988520000596
p01,2025_04_21_23_02_35_943999,175,92.0192733000149
p01,2025_04_21_23_02_35_943999,176,92.45387140003731
p01,2025_04_21_23_02_35_943999,177,92.87395380000817
p01,2025_04_21_23_02_35_943999,178,93.28711080003995
p01,2025_04_21_23_02_35_943999,179,93.73740400001407
p01,2025_04_21_23_02_35_943999,180,94.16968610003823
p01,2025_04_21_23_02_35_943999,181,94.58678290003445
p01,2025_04_21_23_02_35_943999,182,95.01989860000322
p01,2025_04_21_23_02_35_943999,183,95.45368939999025
p01,2025_04_21_23_02_35_943999,184,95.85256770002889
p01,2025_04_21_23_02_35_943999,185,96.2700451000128
p01,2025_04_21_23_02_35_943999,186,96.7370729999966
p01,2025_04_21_23_02_35_943999,187,97.15273680002429
p01,2025_04_21_23_02_35_943999,188,97.58635600004345
p01,2025_04_21_23_02_35_943999,189,98.03600640001241
p01,2025_04_21_23_02_35_943999,190,98.46948060003342
p01,2025_04_21_23_02_35_943999,191,98.88750310003525
p01,2025_04_21_23_02_35_943999,192,99.32004379999125
p01,2025_04_21_23_02_35_943999,193,99.77053450001404
p01,2025_04_21_23_02_35_943999,194,100.18709970003692
p01,2025_04_21_23_02_35_943999,195,100.65314180002315
p01,2025_04_21_23_02_35_943999,196,101.08648719999474
p01,2025_04_21_23_02_35_943999,197,101.46895070001483
p01,2025_04_21_23_02_35_943999,198,101.90389160002815
p01,2025_04_21_23_02_35_943999,199,102.38632799999323
p01,2025_04_21_23_02_35_943999,200,102.83647249999922
p01,2025_04_21_23_02_35_943999,201,103.20206999999937
p01,2025_04_21_23_02_35_943999,202,103.6856257999898
p01,2025_04_21_23_02_35_943999,203,104.1372757999925
p01,2025_04_21_23_02_35_943999,204,104.55328610003926
p01,2025_04_21_23_02_35_943999,205,105.01962249999633
p01,2025_04_21_23_02_35_943999,206,105.45284020004328
p01,2025_04_21_23_02_35_943999,207,105.86945019999985
p01,2025_04_21_23_02_35_943999,208,106.35336140001891
p01,2025_04_21_23_02_35_943999,209,106.78642020002007
p01,2025_04_21_23_02_35_943999,210,107.23514440003783
p01,2025_04_21_23_02_35_943999,211,107.67008890002035
p01,2025_04_21_23_02_35_943999,212,108.11888520000502
p01,2025_04_21_23_02_35_943999,213,108.55343060003361
p01,2025_04_21_23_02_35_943999,214,108.9870148000191
p01,2025_04_21_23_02_35_943999,215,109.4201793000102
p01,2025_04_21_23_02_35_943999,216,109.88698840001598
p01,2025_04_21_23_02_35_943999,217,110.2701742000063
p01,2025_04_21_23_02_35_943999,218,110.65207300003385
p01,2025_04_21_23_02_35_943999,219,111.10195999999996
p01,2025_04_21_23_02_35_943999,220,111.6033785000327
p01,2025_04_21_23_02_35_943999,221,112.03776979999384
p01,2025_04_21_23_02_35_943999,222,112.43712250003591
p01,2025_04_21_23_02_35_943999,223,112.86941700003808
p01,2025_04_21_23_02_35_943999,224,113.2699583999929
p01,2025_04_21_23_02_35_943999,225,113.70166980003705
p01,2025_04_21_23_02_35_943999,226,114.16945550002856
p01,2025_04_21_23_02_35_943999,227,114.63620460004313
p01,2025_04_21_23_02_35_943999,228,115.01973320002435
p01,2025_04_21_23_02_35_943999,229,115.38533110002754
p01,2025_04_21_23_02_35_943999,230,115.7693121000193
p01,2025_04_21_23_02_35_943999,231,116.25227440003073
p01,2025_04_21_23_02_35_943999,232,116.75159689999418
p01,2025_04_21_23_02_35_943999,233,117.16958570003044
p01,2025_04_21_23_02_35_943999,234,117.58600380003918
p01,2025_04_21_23_02_35_943999,235,117.97167230001651
p01,2025_04_21_23_02_35_943999,236,118.41919300000882
p01,2025_04_21_23_02_35_943999,237,118.88608580001164
p01,2025_04_21_23_02_35_943999,238,119.3191480000387
p01,2025_04_21_23_02_35_943999,239,119.73609379999107
p01,2025_04_21_23_02_35_943999,240,120.1526519000181
p01,2025_04_21_23_02_35_943999,241,120.60281509999186
p01,2025_04_21_23_02_35_943999,242,121.03596070001367
p01,2025_04_21_23_02_35_943999,243,121.45271959999809
p01,2025_04_21_23_02_35_943999,244,121.78571470000315
p01,2025_04_21_23_02_35_943999,245,122.13710610003909
p01,2025_04_21_23_02_35_943999,246,122.53552770003444
p01,2025_04_21_23_02_35_943999,247,122.98578330001328
p01,2025_04_21_23_02_35_943999,248,123.40314110001782
p01,2025_04_21_23_02_35_943999,249,123.83571280003525
p01,2025_04_21_23_02_35_943999,250,124.16904750000685
p01,2025_04_21_23_02_35_943999,251,124.58679480000865
p01,2025_04_21_23_02_35_943999,252,125.03675010002917
p01,2025_04_21_23_02_35_943999,253,125.5022292000358
p01,2025_04_21_23_02_35_943999,254,125.98621559998719
p01,2025_04_21_23_02_35_943999,255,126.40323850000277
p01,2025_04_21_23_02_35_943999,256,126.88765099999728
p01,2025_04_21_23_02_35_943999,257,127.33517900004517
p01,2025_04_21_23_02_35_943999,258,127.7031144000357
p01,2025_04_21_23_02_35_943999,259,128.06902759999502
p01,2025_04_21_23_02_35_943999,260,128.48591889999807
p01,2025_04_21_23_02_35_943999,261,128.9193555000238
p01,2025_04_21_23_02_35_943999,262,129.75491620000685
p01,2025_04_21_23_02_35_943999,263,130.13597740000114
p01,2025_04_21_23_02_35_943999,264,130.61957989999792
p01,2025_04_21_23_02_35_943999,265,131.0028130999999
p01,2025_04_21_23_02_35_943999,266,131.45288290001918
p01,2025_04_21_23_02_35_943999,267,131.8705106000416
p01,2025_04_21_23_02_35_943999,268,132.25304239999969
p01,2025_04_21_23_02_35_943999,269,132.70272030000342
p01,2025_04_21_23_02_35_943999,270,133.13682620000327
p01,2025_04_21_23_02_35_943999,271,133.56866819999414
p01,2025_04_21_23_02_35_943999,272,134.00201530003687
p01,2025_04_21_23_02_35_943999,273,134.4362017000094
p01,2025_04_21_23_02_35_943999,274,134.93670850002673
p01,2025_04_21_23_02_35_943999,275,135.38612770003965
p01,2025_04_21_23_02_35_943999,276,135.785823800019
p01,2025_04_21_23_02_35_943999,277,136.13619109999854
p01,2025_04_21_23_02_35_943999,278,136.61996400001226
p01,2025_04_21_23_02_35_943999,279,136.91977420001058
p01,2025_04_21_23_02_35_943999,280,137.3026691999985
p01,2025_04_21_23_02_35_943999,281,137.6532356000389
p01,2025_04_21_23_02_35_943999,282,138.06907279998995
p01,2025_04_21_23_02_35_943999,283,138.4858566999901
p01,2025_04_21_23_02_35_943999,284,138.98606660001678
p01,2025_04_21_23_02_35_943999,285,139.3690840000054
p01,2025_04_21_23_02_35_943999,286,139.76960739999777
p01,2025_04_21_23_02_35_943999,287,140.102929100045
p01,2025_04_21_23_02_35_943999,288,140.41891920001945
p01,2025_04_21_23_02_35_943999,289,140.96971999999369
p01,2025_04_21_23_02_35_943999,290,141.31931940000504
p01,2025_04_21_23_02_35_943999,291,141.77048420003848
p01,2025_04_21_23_02_35_943999,292,142.2194737000391
p01,2025_04_21_23_02_35_943999,293,142.63632009999128
p01,2025_04_21_23_02_35_943999,294,143.1196731000091
p01,2025_04_21_23_02_35_943999,295,143.5701352999895
p01,2025_04_21_23_02_35_943999,296,143.96992160001537
p01,2025_04_21_23_02_35_943999,297,144.406004199991
p01,2025_04_21_23_02_35_943999,298,144.7863088999875
p01,2025_04_21_23_02_35_943999,299,145.26955640001688
p01,2025_04_21_23_02_35_943999,300,145.33541260001948
p01,2025_04_21_23_02_35_943999,301,145.6355074000312
p01,2025_04_21_23_02_35_943999,302,146.03769120003562
p01,2025_04_21_23_02_35_943999,303,146.4693096000119
p01,2025_04_21_23_02_35_943999,304,146.86990190000506
p01,2025_04_21_23_02_35_943999,305,147.31939340004465
p01,2025_04_21_23_02_35_943999,306,147.77066850004485
p01,2025_04_21_23_02_35_943999,307,148.2208818999934
p01,2025_04_21_23_02_35_943999,308,148.636794799997
p01,2025_04_21_23_02_35_943999,309,149.12019580003107
p01,2025_04_21_23_02_35_943999,310,149.50332770001842
p01,2025_04_21_23_02_35_943999,311,149.9039052000153
p01,2025_04_21_23_02_35_943999,312,151.1035806
p01,2025_04_21_23_02_35_943999,313,151.53700730000855
p01,2025_04_21_23_02_35_943999,314,151.9864981000428
p01,2025_04_21_23_02_35_943999,315,152.3864862000337
p01,2025_04_21_23_02_35_943999,316,152.85356640000828
p01,2025_04_21_23_02_35_943999,317,153.23533450003015
p01,2025_04_21_23_02_35_943999,318,153.63640469999518
p01,2025_04_21_23_02_35_943999,319,154.05447189998813
p01,2025_04_21_23_02_35_943999,320,154.5198772000149
p01,2025_04_21_23_02_35_943999,321,154.92005519999657
p01,2025_04_21_23_02_35_943999,322,155.32008989999304
p01,2025_04_21_23_02_35_943999,323,155.7210410000407
p01,2025_04_21_23_02_35_943999,324,156.12026719999267
p01,2025_04_21_23_02_35_943999,325,156.53590020001866
p01,2025_04_21_23_02_35_943999,326,156.9697774000233
p01,2025_04_21_23_02_35_943999,327,157.40307150001172
p01,2025_04_21_23_02_35_943999,328,157.81894820003072
p01,2025_04_21_23_02_35_943999,329,158.23610270000063
p01,2025_04_21_23_02_35_943999,330,158.6700634000008
p01,2025_04_21_23_02_35_943999,331,159.10229900002014
p01,2025_04_21_23_02_35_943999,332,159.57026790000964
p01,2025_04_21_23_02_35_943999,333,160.07019390002824
p01,2025_04_21_23_02_35_943999,334,160.4861615000409
p01,2025_04_21_23_02_35_943999,335,160.9031546000042
p01,2025_04_21_23_02_35_943999,336,161.33649160002824
p01,2025_04_21_23_02_35_943999,337,161.76920510001946
p01,2025_04_21_23_02_35_943999,338,162.17024380003568
p01,2025_04_21_23_02_35_943999,339,162.61968800000614
p01,2025_04_21_23_02_35_943999,340,163.08710250002332
p01,2025_04_21_23_02_35_943999,341,163.50287140003638
p01,2025_04_21_23_02_35_943999,342,163.9371453000349
p01,2025_04_21_23_02_35_943999,343,164.3694417999941
p01,2025_04_21_23_02_35_943999,344,164.76921810000204
p01,2025_04_21_23_02_35_943999,345,165.1864338000305
p01,2025_04_21_23_02_35_943999,346,165.58562740002526
p01,2025_04_21_23_02_35_943999,347,165.95292000001064
p01,2025_04_21_23_02_35_943999,348,166.35298640001565
p01,2025_04_21_23_02_35_943999,349,166.8195645000087
p01,2025_04_21_23_02_35_943999,350,167.25297180004418
p01,2025_04_21_23_02_35_943999,351,167.72053819999564
p01,2025_04_21_23_02_35_943999,352,168.13659010000993
p01,2025_04_21_23_02_35_943999,353,168.60320080001839
p01,2025_04_21_23_02_35_943999,354,169.10361520003062
p01,2025_04_21_23_02_35_943999,355,169.518901500036
p01,2025_04_21_23_02_35_943999,356,169.93574410001747
p01,2025_04_21_23_02_35_943999,357,170.3881063000299
p01,2025_04_21_23_02_35_943999,358,170.83593820000533
p01,2025_04_21_23_02_35_943999,359,171.26860880001914
p01,2025_04_21_23_02_35_943999,360,171.72168100002455
p01,2025_04_21_23_02_35_943999,361,172.1867251000367
p01,2025_04_21_23_02_35_943999,362,172.61975880002137
p01,2025_04_21_23_02_35_943999,363,173.03569530003006
p01,2025_04_21_23_02_35_943999,364,173.4691867000074
p01,2025_04_21_23_02_35_943999,365,173.9528836000245
p01,2025_04_21_23_02_35_943999,366,174.37027400004445
p01,2025_04_21_23_02_35_943999,367,174.78653360001044
p01,2025_04_21_23_02_35_943999,368,175.20288759999676
p01,2025_04_21_23_02_35_943999,369,175.55333240004256
p01,2025_04_21_23_02_35_943999,370,175.98622680001426
p01,2025_04_21_23_02_35_943999,371,176.65289540000958
p01,2025_04_21_23_02_35_943999,372,176.98701670003356
p01,2025_04_21_23_02_35_943999,373,177.4540796999936
p01,2025_04_21_23_02_35_943999,374,177.86965670000063
p01,2025_04_21_23_02_35_943999,375,178.2374942000024
p01,2025_04_21_23_02_35_943999,376,178.7022924000048
p01,2025_04_21_23_02_35_943999,377,179.13526690000435
p01,2025_04_21_23_02_35_943999,378,179.58782300003804
p01,2025_04_21_23_02_35_943999,379,180.05242790002376
p01,2025_04_21_23_02_35_943999,380,180.46956430003047
p01,2025_04_21_23_02_35_943999,381,180.88760370004456
p01,2025_04_21_23_02_35_943999,382,181.3527656000224
p01,2025_04_21_23_02_35_943999,383,181.7869509999873
p01,2025_04_21_23_02_35_943999,384,182.15291130001424
p01,2025_04_21_23_02_35_943999,385,182.58601420000196
p01,2025_04_21_23_02_35_943999,386,183.05223289999412
p01,2025_04_21_23_02_35_943999,387,183.53601440001512
p01,2025_04_21_23_02_35_943999,388,183.93620830000145
p01,2025_04_21_23_02_35_943999,389,184.35269329999574
p01,2025_04_21_23_02_35_943999,390,184.76990260003367
p01,2025_04_21_23_02_35_943999,391,185.2188442000188
p01,2025_04_21_23_02_35_943999,392,185.63649770000484
p01,2025_04_21_23_02_35_943999,393,186.13669800001662
p01,2025_04_21_23_02_35_943999,394,186.61927500000456
p01,2025_04_21_23_02_35_943999,395,186.95317069999874
p01,2025_04_21_23_02_35_943999,396,187.40384650003398
p01,2025_04_21_23_02_35_943999,397,187.8864078000188
p01,2025_04_21_23_02_35_943999,398,188.32010210002773
p01,2025_04_21_23_02_35_943999,399,188.7364171000081
p01,2025_04_21_23_02_35_943999,400,189.20240800001193
p01,2025_04_21_23_02_35_943999,401,189.6703819000395
p01,2025_04_21_23_02_35_943999,402,190.11950580001576
p01,2025_04_21_23_02_35_943999,403,190.55239070003154
p01,2025_04_21_23_02_35_943999,404,190.98667370004114
p01,2025_04_21_23_02_35_943999,405,191.41957660001935
p01,2025_04_21_23_02_35_943999,406,191.88673329999438
p01,2025_04_21_23_02_35_943999,407,192.31887230003485
p01,2025_04_21_23_02_35_943999,408,192.7370303000207
p01,2025_04_21_23_02_35_943999,409,193.17032850004034
p01,2025_04_21_23_02_35_943999,410,193.61921570001869
p01,2025_04_21_23_02_35_943999,411,194.0364869000041
p01,2025_04_21_23_02_35_943999,412,194.47013450000668
p01,2025_04_21_23_02_35_943999,413,194.8862924000132
p01,2025_04_21_23_02_35_943999,414,195.33607369998936
p01,2025_04_21_23_02_35_943999,415,195.7533562000026
p01,2025_04_21_23_02_35_943999,416,196.18654240004253
p01,2025_04_21_23_02_35_943999,417,196.5856048000278
p01,2025_04_21_23_02_35_943999,418,197.00647840002785
p01,2025_04_21_23_02_35_943999,419,197.4695451000007
p01,2025_04_21_23_02_35_943999,420,197.90323520003585
p01,2025_04_21_23_02_35_943999,421,198.31941250001546
p01,2025_04_21_23_02_35_943999,422,198.77123220002977
p01,2025_04_21_23_02_35_943999,423,199.21940480003832
p01,2025_04_21_23_02_35_943999,424,199.63553319999482
p01,2025_04_21_23_02_35_943999,425,200.0862917000195
p01,2025_04_21_23_02_35_943999,426,200.50345800002106
p01,2025_04_21_23_02_35_943999,427,200.95338740001898
p01,2025_04_21_23_02_35_943999,428,201.31955140002538
p01,2025_04_21_23_02_35_943999,429,201.7860913000186
p01,2025_04_21_23_02_35_943999,430,202.21977750002407
p01,2025_04_21_23_02_35_943999,431,202.60311210004147
p01,2025_04_21_23_02_35_943999,432,203.03708080004435
p01,2025_04_21_23_02_35_943999,433,203.45285920001334
p01,2025_04_21_23_02_35_943999,434,203.87020880001364
p01,2025_04_21_23_02_35_943999,435,204.28665379999438
p01,2025_04_21_23_02_35_943999,436,204.7031389999902
p01,2025_04_21_23_02_35_943999,437,205.11956220003776
p01,2025_04_21_23_02_35_943999,438,205.5190146000241
p01,2025_04_21_23_02_35_943999,439,205.9526346999919
p01,2025_04_21_23_02_35_943999,440,206.38649629999418
p01,2025_04_21_23_02_35_943999,441,206.85327280004276
p01,2025_04_21_23_02_35_943999,442,207.2863058000221
p01,2025_04_21_23_02_35_943999,443,207.73691939999117
p01,2025_04_21_23_02_35_943999,444,208.1363643000368
p01,2025_04_21_23_02_35_943999,445,208.56897469999967
p01,2025_04_21_23_02_35_943999,446,208.98782320000464
p01,2025_04_21_23_02_35_943999,447,209.40441499999724
p01,2025_04_21_23_02_35_943999,448,209.85408110002754
p01,2025_04_21_23_02_35_943999,449,210.26974359998712
p01,2025_04_21_23_02_35_943999,450,210.70237690000795
p01,2025_04_21_23_02_35_943999,451,211.15326769999228
p01,2025_04_21_23_02_35_943999,452,211.56985650002025
p01,2025_04_21_23_02_35_943999,453,211.9866572000319
p01,2025_04_21_23_02_35_943999,454,212.40361840004334
p01,2025_04_21_23_02_35_943999,455,212.83603930001846
p01,2025_04_21_23_02_35_943999,456,213.2699307000148
p01,2025_04_21_23_02_35_943999,457,213.7190234999871
p01,2025_04_21_23_02_35_943999,458,214.13729220000096
p01,2025_04_21_23_02_35_943999,459,214.5530759000103
p01,2025_04_21_23_02_35_943999,460,214.98655600001803
p01,2025_04_21_23_02_35_943999,461,215.41986980004003
p01,2025_04_21_23_02_35_943999,462,215.83686590002617
p01,2025_04_21_23_02_35_943999,463,216.25230560003547
p01,2025_04_21_23_02_35_943999,464,216.7195691000088
p01,2025_04_21_23_02_35_943999,465,217.15232059999835
p01,2025_04_21_23_02_35_943999,466,217.5698907999904
p01,2025_04_21_23_02_35_943999,467,218.00259360001655
p01,2025_04_21_23_02_35_943999,468,218.40234390000114
p01,2025_04_21_23_02_35_943999,469,218.85295070003485
p01,2025_04_21_23_02_35_943999,470,219.26906910003163
p01,2025_04_21_23_02_35_943999,471,219.66909390001092
p01,2025_04_21_23_02_35_943999,472,220.13617430004524
p01,2025_04_21_23_02_35_943999,473,220.53774530004011
p01,2025_04_21_23_02_35_943999,474,220.92020670004422
p01,2025_04_21_23_02_35_943999,475,221.33634750003694
p01,2025_04_21_23_02_35_943999,476,221.78617000003578
p01,2025_04_21_23_02_35_943999,477,222.23694840003736
p01,2025_04_21_23_02_35_943999,478,222.68647580000106
p01,2025_04_21_23_02_35_943999,479,223.1034742000047
p01,2025_04_21_23_02_35_943999,480,223.55311070004245
p01,2025_04_21_23_02_35_943999,481,224.00246789999073
p01,2025_04_21_23_02_35_943999,482,224.4188722000108
p01,2025_04_21_23_02_35_943999,483,224.8690534000052
p01,2025_04_21_23_02_35_943999,484,225.25370000000112
p01,2025_04_21_23_02_35_943999,485,225.68607890000567
p01,2025_04_21_23_02_35_943999,486,226.13645990000805
p01,2025_04_21_23_02_35_943999,487,226.61951410002075
p01,2025_04_21_23_02_35_943999,488,227.01931060000788
p01,2025_04_21_23_02_35_943999,489,227.5366375000449
p01,2025_04_21_23_02_35_943999,490,227.8684848000412
p01,2025_04_21_23_02_35_943999,491,228.33632860000944
p01,2025_04_21_23_02_35_943999,492,228.85401430004276
p01,2025_04_21_23_02_35_943999,493,229.21917970001232
p01,2025_04_21_23_02_35_943999,494,229.65244580002036
p01,2025_04_21_23_02_35_943999,495,230.15246040001512
p01,2025_04_21_23_02_35_943999,496,230.55251080001472
p01,2025_04_21_23_02_35_943999,497,231.0036188000231
p01,2025_04_21_23_02_35_943999,498,231.43611489998875
p01,2025_04_21_23_02_35_943999,499,231.8210306999972
p01,2025_04_21_23_02_35_943999,500,232.2696192000294
p01,2025_04_21_23_02_35_943999,501,232.7025677000056
p01,2025_04_21_23_02_35_943999,502,233.13722630002303
p01,2025_04_21_23_02_35_943999,503,233.51958540000487
p01,2025_04_21_23_02_35_943999,504,233.96897929999977
p01,2025_04_21_23_02_35_943999,505,234.4193946000305
p01,2025_04_21_23_02_35_943999,506,234.8689532999997
p01,2025_04_21_23_02_35_943999,507,235.28636309999274
p01,2025_04_21_23_02_35_943999,508,235.7039511000039
p01,2025_04_21_23_02_35_943999,509,236.13586640002904
p01,2025_04_21_23_02_35_943999,510,236.5362856000429
p01,2025_04_21_23_02_35_943999,511,236.9686737000011
p01,2025_04_21_23_02_35_943999,512,237.40254209999694
p01,2025_04_21_23_02_35_943999,513,237.81996029999573
p01,2025_04_21_23_02_35_943999,514,238.26923390000593
p01,2025_04_21_23_02_35_943999,515,238.68511810002383
p01,2025_04_21_23_02_35_943999,516,239.10208859998966
p01,2025_04_21_23_02_35_943999,517,239.485453900008
p01,2025_04_21_23_02_35_943999,518,239.95222989999456
p01,2025_04_21_23_02_35_943999,519,240.36871380003868
p01,2025_04_21_23_02_35_943999,520,240.77037570002722
p01,2025_04_21_23_02_35_943999,521,241.20228010002756
p01,2025_04_21_23_02_35_943999,522,241.60387799999444
p01,2025_04_21_23_02_35_943999,523,242.0194865000085
p01,2025_04_21_23_02_35_943999,524,242.43559200002346
p01,2025_04_21_23_02_35_943999,525,242.92075710004428
p01,2025_04_21_23_02_35_943999,526,243.35321770003065
p01,2025_04_21_23_02_35_943999,527,243.7850785999908
p01,2025_04_21_23_02_35_943999,528,244.20286389999092
p01,2025_04_21_23_02_35_943999,529,244.6358502000221
p01,2025_04_21_23_02_35_943999,530,245.06891390000237
p01,2025_04_21_23_02_35_943999,531,245.48670320003293
p01,2025_04_21_23_02_35_943999,532,245.91992580000078
p01,2025_04_21_23_02_35_943999,533,246.35268680000445
p01,2025_04_21_23_02_35_943999,534,246.77089670003625
p01,2025_04_21_23_02_35_943999,535,247.18629990000045
p01,2025_04_21_23_02_35_943999,536,247.62069760001032
p01,2025_04_21_23_02_35_943999,537,248.0360936000361
p01,2025_04_21_23_02_35_943999,538,248.45286000001943
p01,2025_04_21_23_02_35_943999,539,248.83679810003377
p01,2025_04_21_23_02_35_943999,540,249.31971060001524
p01,2025_04_21_23_02_35_943999,541,249.6529443000327
p01,2025_04_21_23_02_35_943999,542,250.12032879999606
p01,2025_04_21_23_02_35_943999,543,250.55276940000476
p01,2025_04_21_23_02_35_943999,544,250.98613239999395
p01,2025_04_21_23_02_35_943999,545,251.43612500000745
p01,2025_04_21_23_02_35_943999,546,251.83635940001113
p01,2025_04_21_23_02_35_943999,547,252.23616530001163
p01,2025_04_21_23_02_35_943999,548,252.68638060003286
p01,2025_04_21_23_02_35_943999,549,253.10346140002366
p01,2025_04_21_23_02_35_943999,550,253.520134099992
p01,2025_04_21_23_02_35_943999,551,253.9365916000097
p01,2025_04_21_23_02_35_943999,552,254.3542749999906
p01,2025_04_21_23_02_35_943999,553,254.80330730002606
p01,2025_04_21_23_02_35_943999,554,255.21890880004503
p01,2025_04_21_23_02_35_943999,555,255.61970820004353
p01,2025_04_21_23_02_35_943999,556,256.06947049999144
p01,2025_04_21_23_02_35_943999,557,256.48556920001283
p01,2025_04_21_23_02_35_943999,558,256.8858687999891
p01,2025_04_21_23_02_35_943999,559,257.31952610000735
p01,2025_04_21_23_02_35_943999,560,257.7359209000133
p01,2025_04_21_23_02_35_943999,561,258.1358626000001
p01,2025_04_21_23_02_35_943999,562,258.58623850002186
p01,2025_04_21_23_02_35_943999,563,258.9870153000229
p01,2025_04_21_23_02_35_943999,564,259.45269200002076
p01,2025_04_21_23_02_35_943999,565,259.8704250000301
p01,2025_04_21_23_02_35_943999,566,260.26946949999547
p01,2025_04_21_23_02_35_943999,567,260.72042230004445
p01,2025_04_21_23_02_35_943999,568,261.1369881000137
p01,2025_04_21_23_02_35_943999,569,261.57001530000707
p01,2025_04_21_23_02_35_943999,570,261.9693101000157
p01,2025_04_21_23_02_35_943999,571,262.3875237000175
p01,2025_04_21_23_02_35_943999,572,262.8026669000392
p01,2025_04_21_23_02_35_943999,573,263.23774579999736
p01,2025_04_21_23_02_35_943999,574,263.6700670000282
p01,2025_04_21_23_02_35_943999,575,264.05365710001206
p01,2025_04_21_23_02_35_943999,576,264.46997909998754
p01,2025_04_21_23_02_35_943999,577,264.8862709000241
p01,2025_04_21_23_02_35_943999,578,265.28627050004434
p01,2025_04_21_23_02_35_943999,579,265.7362790000043
p01,2025_04_21_23_02_35_943999,580,266.1367381000309
p01,2025_04_21_23_02_35_943999,581,266.51977590000024
p01,2025_04_21_23_02_35_943999,582,266.9524425000418
p01,2025_04_21_23_02_35_943999,583,267.3859353000298
p01,2025_04_21_23_02_35_943999,584,267.80323640001006
p01,2025_04_21_23_02_35_943999,585,268.23527629999444
p01,2025_04_21_23_02_35_943999,586,268.6868415999925
p01,2025_04_21_23_02_35_943999,587,269.0536984000355
p01,2025_04_21_23_02_35_943999,588,269.4694135999889
p01,2025_04_21_23_02_35_943999,589,269.9029583000229
p01,2025_04_21_23_02_35_943999,590,270.3370880000293
p01,2025_04_21_23_02_35_943999,591,270.75182750000386
p01,2025_04_21_23_02_35_943999,592,271.18668980000075
p01,2025_04_21_23_02_35_943999,593,271.62072440003976
p01,2025_04_21_23_02_35_943999,594,272.0527923000045
p01,2025_04_21_23_02_35_943999,595,272.48741770000197
p01,2025_04_21_23_02_35_943999,596,272.8687253000098
p01,2025_04_21_23_02_35_943999,597,273.28598039998906
p01,2025_04_21_23_02_35_943999,598,273.702808800037
p01,2025_04_21_23_02_35_943999,599,274.10225520003587
p01,2025_04_21_23_02_35_943999,600,274.51948449999327
p01,2025_04_21_23_02_35_943999,601,275.00340779998805
p01,2025_04_21_23_02_35_943999,602,275.3856528000324
p01,2025_04_21_23_02_35_943999,603,275.7861221000203
p01,2025_04_21_23_02_35_943999,604,276.185750500008
p01,2025_04_21_23_02_35_943999,605,276.6372534999973
p01,2025_04_21_23_02_35_943999,606,277.0195817000349
p01,2025_04_21_23_02_35_943999,607,277.45199989998946
p01,2025_04_21_23_02_35_943999,608,277.85268489999
p01,2025_04_21_23_02_35_943999,609,278.2696423000307
p01,2025_04_21_23_02_35_943999,610,278.6857368000201
p01,2025_04_21_23_02_35_943999,611,279.10269820003305
p01,2025_04_21_23_02_35_943999,612,279.5378137000371
p01,2025_04_21_23_02_35_943999,613,279.9697691000183
p01,2025_04_21_23_02_35_943999,614,280.38582389999647
p01,2025_04_21_23_02_35_943999,615,280.77068890002556
p01,2025_04_21_23_02_35_943999,616,281.186448500026
p01,2025_04_21_23_02_35_943999,617,281.5854459000402
p01,2025_04_21_23_02_35_943999,618,281.969654000015
p01,2025_04_21_23_02_35_943999,619,282.40301270002965
p01,2025_04_21_23_02_35_943999,620,282.7851069000317
p01,2025_04_21_23_02_35_943999,621,283.21889369998826
p01,2025_04_21_23_02_35_943999,622,283.61946910002735
p01,2025_04_21_23_02_35_943999,623,284.055075100041
p01,2025_04_21_23_02_35_943999,624,284.43647640000563
p01,2025_04_21_23_02_35_943999,625,284.8526685000397
p01,2025_04_21_23_02_35_943999,626,285.2694632000057
p01,2025_04_21_23_02_35_943999,627,285.6686267000041
p01,2025_04_21_23_02_35_943999,628,286.0691095000366
p01,2025_04_21_23_02_35_943999,629,286.4864528999897
p01,2025_04_21_23_02_35_943999,630,286.86921289999736
p01,2025_04_21_23_02_35_943999,631,287.27031690004515
p01,2025_04_21_23_02_35_943999,632,287.6536725999904
p01,2025_04_21_23_02_35_943999,633,288.08512420003535
p01,2025_04_21_23_02_35_943999,634,288.48681410000427
p01,2025_04_21_23_02_35_943999,635,288.8358110000263
p01,2025_04_21_23_02_35_943999,636,289.25201789999846
p01,2025_04_21_23_02_35_943999,637,289.66864470002474
p01,2025_04_21_23_02_35_943999,638,290.06870410003467
p01,2025_04_21_23_02_35_943999,639,290.4685839000158
p01,2025_04_21_23_02_35_943999,640,290.85263939999277
p01,2025_04_21_23_02_35_943999,641,291.27025659999344
p01,2025_04_21_23_02_35_943999,642,291.66975020000245
p01,2025_04_21_23_02_35_943999,643,292.08715209999355
p01,2025_04_21_23_02_35_943999,644,292.5034842999885
p01,2025_04_21_23_02_35_943999,645,292.91926980001153
p01,2025_04_21_23_02_35_943999,646,293.3364254999906
p01,2025_04_21_23_02_35_943999,647,293.7373701999895
p01,2025_04_21_23_02_35_943999,648,294.06946450000396
p01,2025_04_21_23_02_35_943999,649,294.4036387000233
p01,2025_04_21_23_02_35_943999,650,294.73711510002613
p01,2025_04_21_23_02_35_943999,651,295.0856566000148
p01,2025_04_21_23_02_35_943999,652,295.47041710000485
p01,2025_04_21_23_02_35_943999,653,295.8184287000331
p01,2025_04_21_23_02_35_943999,654,296.28606010001386
p01,2025_04_21_23_02_35_943999,655,296.6700095999986
p01,2025_04_21_23_02_35_943999,656,297.0535164999892
p01,2025_04_21_23_02_35_943999,657,297.47023890004493
p01,2025_04_21_23_02_35_943999,658,297.8863788000308
p01,2025_04_21_23_02_35_943999,659,298.2528480000328
p01,2025_04_21_23_02_35_943999,660,298.669175499992
p01,2025_04_21_23_02_35_943999,661,299.03778380004223
p01,2025_04_21_23_02_35_943999,662,299.43657930003246
p01,2025_04_21_23_02_35_943999,663,299.88663610001095
p01,2025_04_21_23_02_35_943999,664,300.2695149999927
p01,2025_04_21_23_02_35_943999,665,300.619626700005
p01,2025_04_21_23_02_35_943999,666,301.0027345000417
p01,2025_04_21_23_02_35_943999,667,301.43674050003756
p01,2025_04_21_23_02_35_943999,668,301.83665250003105
p01,2025_04_21_23_02_35_943999,669,302.2353757999954
p01,2025_04_21_23_02_35_943999,670,302.619453500025
p01,2025_04_21_23_02_35_943999,671,303.0366566000157
p01,2025_04_21_23_02_35_943999,672,303.4366092000273
p01,2025_04_21_23_02_35_943999,673,303.8366909000324
p01,2025_04_21_23_02_35_943999,674,304.2361344000092
p01,2025_04_21_23_02_35_943999,675,304.63606739998795
p01,2025_04_21_23_02_35_943999,676,305.03619020001497
p01,2025_04_21_23_02_35_943999,677,305.45210340002086
p01,2025_04_21_23_02_35_943999,678,305.8701812000363
p01,2025_04_21_23_02_35_943999,679,306.28593569999794
p01,2025_04_21_23_02_35_943999,680,306.6696341999923
p01,2025_04_21_23_02_35_943999,681,307.1038928999915
p01,2025_04_21_23_02_35_943999,682,307.48573660000693
p01,2025_04_21_23_02_35_943999,683,307.8525221000309
p01,2025_04_21_23_02_35_943999,684,308.2355167000205
p01,2025_04_21_23_02_35_943999,685,308.6197616000427
p01,2025_04_21_23_02_35_943999,686,309.0188772000256
p01,2025_04_21_23_02_35_943999,687,309.4025746000116
p01,2025_04_21_23_02_35_943999,688,309.80260330002056
p01,2025_04_21_23_02_35_943999,689,310.2518553000409
p01,2025_04_21_23_02_35_943999,690,310.62009879999096
p01,2025_04_21_23_02_35_943999,691,311.01942660001805
p01,2025_04_21_23_02_35_943999,692,311.4187310000416
p01,2025_04_21_23_02_35_943999,693,311.8019973000046
p01,2025_04_21_23_02_35_943999,694,312.1865883000428
p01,2025_04_21_23_02_35_943999,695,312.6033211000031
p01,2025_04_21_23_02_35_943999,696,312.9879472000175
p01,2025_04_21_23_02_35_943999,697,313.3693284000037
p01,2025_04_21_23_02_35_943999,698,313.7706678000395
p01,2025_04_21_23_02_35_943999,699,314.20297530002426
p01,2025_04_21_23_02_35_943999,700,314.6027791000088
p01,2025_04_21_23_02_35_943999,701,315.0034147000406
p01,2025_04_21_23_02_35_943999,702,315.42097480001394
p01,2025_04_21_23_02_35_943999,703,315.8202087000245
p01,2025_04_21_23_02_35_943999,704,316.21981300000334
p01,2025_04_21_23_02_35_943999,705,316.60201800003415
p01,2025_04_21_23_02_35_943999,706,317.00245279999217
p01,2025_04_21_23_02_35_943999,707,317.4203814000357
p01,2025_04_21_23_02_35_943999,708,317.80330369999865
p01,2025_04_21_23_02_35_943999,709,318.2028951999964
p01,2025_04_21_23_02_35_943999,710,318.5857157999999
p01,2025_04_21_23_02_35_943999,711,319.03608779999195
p01,2025_04_21_23_02_35_943999,712,319.4355935000349
p01,2025_04_21_23_02_35_943999,713,319.8191847000271
p01,2025_04_21_23_02_35_943999,714,320.219170700002
p01,2025_04_21_23_02_35_943999,715,320.61884890001966
p01,2025_04_21_23_02_35_943999,716,321.0032108000014
p01,2025_04_21_23_02_35_943999,717,321.42116359999636
p01,2025_04_21_23_02_35_943999,718,321.8203657999984
p01,2025_04_21_23_02_35_943999,719,322.23526670003776
p01,2025_04_21_23_02_35_943999,720,322.65223750000587
p01,2025_04_21_23_02_35_943999,721,323.037071400031
p01,2025_04_21_23_02_35_943999,722,323.4196375000174
p01,2025_04_21_23_02_35_943999,723,323.8363465000293
p01,2025_04_21_23_02_35_943999,724,324.2212614000309
p01,2025_04_21_23_02_35_943999,725,324.6364601000096
p01,2025_04_21_23_02_35_943999,726,325.0210764000076
p01,2025_04_21_23_02_35_943999,727,325.4374811000307
p01,2025_04_21_23_02_35_943999,728,325.8026680999901
p01,2025_04_21_23_02_35_943999,729,326.2036825999967
p01,2025_04_21_23_02_35_943999,730,326.63619290001225
p01,2025_04_21_23_02_35_943999,731,327.0207842999953
p01,2025_04_21_23_02_35_943999,732,327.4185858000419
p01,2025_04_21_23_02_35_943999,733,327.75192740000784
p01,2025_04_21_23_02_35_943999,734,328.1689983000397
p01,2025_04_21_23_02_35_943999,735,328.6032608000096
p01,2025_04_21_23_02_35_943999,736,329.0192246999941
p01,2025_04_21_23_02_35_943999,737,329.4359678000328
p01,2025_04_21_23_02_35_943999,738,329.7857506000437
p01,2025_04_21_23_02_35_943999,739,330.16951480001444
p01,2025_04_21_23_02_35_943999,740,330.5029003000236
p01,2025_04_21_23_02_35_943999,741,330.91980430000694
p01,2025_04_21_23_02_35_943999,742,331.26912539999466
p01,2025_04_21_23_02_35_943999,743,331.68659250001656
p01,2025_04_21_23_02_35_943999,744,332.08635960001266
p01,2025_04_21_23_02_35_943999,745,332.5027420000406
p01,2025_04_21_23_02_35_943999,746,332.853364300041
p01,2025_04_21_23_02_35_943999,747,333.2020286000334
p01,2025_04_21_23_02_35_943999,748,333.68745930003934
p01,2025_04_21_23_02_35_943999,749,334.0691477000364
p01,2025_04_21_23_02_35_943999,750,334.41897009999957
p01,2025_04_21_23_02_35_943999,751,334.8527568000136
p01,2025_04_21_23_02_35_943999,752,335.18586369999684
p01,2025_04_21_23_02_35_943999,753,335.670767100004
p01,2025_04_21_23_02_35_943999,754,336.08526389999315
p01,2025_04_21_23_02_35_943999,755,336.41934220003895
p01,2025_04_21_23_02_35_943999,756,336.83718060003594
p01,2025_04_21_23_02_35_943999,757,337.23832850001054
p01,2025_04_21_23_02_35_943999,758,337.6190379000036
p01,2025_04_21_23_02_35_943999,759,338.03616210003383
p01,2025_04_21_23_02_35_943999,760,338.45213779999176
p01,2025_04_21_23_02_35_943999,761,338.82037339999806
p01,2025_04_21_23_02_35_943999,762,339.2369465000229
p01,2025_04_21_23_02_35_943999,763,339.6203238000162
p01,2025_04_21_23_02_35_943999,764,339.95198780001374
p01,2025_04_21_23_02_35_943999,765,340.3861579000368
p01,2025_04_21_23_02_35_943999,766,340.7861344999983
p01,2025_04_21_23_02_35_943999,767,341.1707282999996
p01,2025_04_21_23_02_35_943999,768,341.60344020003686
p01,2025_04_21_23_02_35_943999,769,342.0354067000444
p01,2025_04_21_23_02_35_943999,770,342.3878129000077
p01,2025_04_21_23_02_35_943999,771,342.7361652000109
p01,2025_04_21_23_02_35_943999,772,343.12023880000925
p01,2025_04_21_23_02_35_943999,773,343.470395500015
p01,2025_04_21_23_02_35_943999,774,343.8693583999993
p01,2025_04_21_23_02_35_943999,775,344.2702756000217
p01,2025_04_21_23_02_35_943999,776,344.6036426000064
p01,2025_04_21_23_02_35_943999,777,345.02052670001285
p01,2025_04_21_23_02_35_943999,778,345.4203024000162
p01,2025_04_21_23_02_35_943999,779,345.7524082000018
p01,2025_04_21_23_02_35_943999,780,346.06887950003147
p01,2025_04_21_23_02_35_943999,781,346.3534095000359
p01,2025_04_21_23_02_35_943999,782,346.6352415000438
p01,2025_04_21_23_02_35_943999,783,347.036107300024
p01,2025_04_21_23_02_35_943999,784,347.4037653999985
p01,2025_04_21_23_02_35_943999,785,347.72051650000503
p01,2025_04_21_23_02_35_943999,786,348.06957709998824
p01,2025_04_21_23_02_35_943999,787,348.45227030001115
p01,2025_04_21_23_02_35_943999,788,348.8034323999891
p01,2025_04_21_23_02_35_943999,789,349.1696973000071
p01,2025_04_21_23_02_35_943999,790,349.5710902000428
p01,2025_04_21_23_02_35_943999,791,349.9352768000099
p01,2025_04_21_23_02_35_943999,792,350.28629479999654
p01,2025_04_21_23_02_35_943999,793,350.68584039999405
p01,2025_04_21_23_02_35_943999,794,351.06975220004097
p01,2025_04_21_23_02_35_943999,795,351.4856567000388
p01,2025_04_21_23_02_35_943999,796,351.8528973000357
p01,2025_04_21_23_02_35_943999,797,352.27007259998936
p01,2025_04_21_23_02_35_943999,798,352.66965370002436
p01,2025_04_21_23_02_35_943999,799,353.119722500036
p01,2025_04_21_23_02_35_943999,800,353.5187889999943
p01,2025_04_21_23_02_35_943999,801,353.9367929000291
p01,2025_04_21_23_02_35_943999,802,354.35315020004055
p01,2025_04_21_23_02_35_943999,803,354.7711825000006
p01,2025_04_21_23_02_35_943999,804,355.1363580999896
p01,2025_04_21_23_02_35_943999,805,355.51897070003906
p01,2025_04_21_23_02_35_943999,806,355.93629680003505
p01,2025_04_21_23_02_35_943999,807,356.3866416999954
p01,2025_04_21_23_02_35_943999,808,356.7706790000084
p01,2025_04_21_23_02_35_943999,809,357.1534622000181
p01,2025_04_21_23_02_35_943999,810,357.5524179000058
p01,2025_04_21_23_02_35_943999,811,357.953834999993
p01,2025_04_21_23_02_35_943999,812,358.3205869999947
p01,2025_04_21_23_02_35_943999,813,358.77006330003496
p01,2025_04_21_23_02_35_943999,814,359.16962810000405
p01,2025_04_21_23_02_35_943999,815,359.5523385000415
p01,2025_04_21_23_02_35_943999,816,359.9195206000004
p01,2025_04_21_23_02_35_943999,817,360.3030599000049
p01,2025_04_21_23_02_35_943999,818,360.73648560000584
p01,2025_04_21_23_02_35_943999,819,361.10340840002755
p01,2025_04_21_23_02_35_943999,820,361.5034111000132
p01,2025_04_21_23_02_35_943999,821,361.8864227000158
p01,2025_04_21_23_02_35_943999,822,362.3032283000066
p01,2025_04_21_23_02_35_943999,823,362.7356017000275
p01,2025_04_21_23_02_35_943999,824,363.10356930003036
p01,2025_04_21_23_02_35_943999,825,363.53615020000143
p01,2025_04_21_23_02_35_943999,826,363.9192927000113
p01,2025_04_21_23_02_35_943999,827,364.33686520002084
p01,2025_04_21_23_02_35_943999,828,364.7201756000286
p01,2025_04_21_23_02_35_943999,829,365.1368042000104
p01,2025_04_21_23_02_35_943999,830,365.53655530000106
p01,2025_04_21_23_02_35_943999,831,365.90252550004516
p01,2025_04_21_23_02_35_943999,832,366.287181599997
p01,2025_04_21_23_02_35_943999,833,366.70366980001563
p01,2025_04_21_23_02_35_943999,834,367.08636270003626
p01,2025_04_21_23_02_35_943999,835,367.40324040001724
p01,2025_04_21_23_02_35_943999,836,367.72007380001014
p01,2025_04_21_23_02_35_943999,837,368.0187753000064
p01,2025_04_21_23_02_35_943999,838,368.43674720003037
p01,2025_04_21_23_02_35_943999,839,368.88667209999403
p01,2025_04_21_23_02_35_943999,840,369.25305980001576
p01,2025_04_21_23_02_35_943999,841,369.6700510000228
p01,2025_04_21_23_02_35_943999,842,370.087987100007
p01,2025_04_21_23_02_35_943999,843,370.4699780000374
p01,2025_04_21_23_02_35_943999,844,370.9030230999924
p01,2025_04_21_23_02_35_943999,845,371.336395499995
p01,2025_04_21_23_02_35_943999,846,371.73678229999496
p01,2025_04_21_23_02_35_943999,847,372.15268410003046
p01,2025_04_21_23_02_35_943999,848,372.51974429999245
p01,2025_04_21_23_02_35_943999,849,372.91996110003674
p01,2025_04_21_23_02_35_943999,850,373.31948010000633
p01,2025_04_21_23_02_35_943999,851,373.7366822999902
p01,2025_04_21_23_02_35_943999,852,374.1693004000117
p01,2025_04_21_23_02_35_943999,853,374.5698401000118
p01,2025_04_21_23_02_35_943999,854,374.9368221000186
p01,2025_04_21_23_02_35_943999,855,375.37083309999434
p01,2025_04_21_23_02_35_943999,856,375.803141899989
p01,2025_04_21_23_02_35_943999,857,376.20367750001606
p01,2025_04_21_23_02_35_943999,858,376.61995760002173
p01,2025_04_21_23_02_35_943999,859,377.01966260001063
p01,2025_04_21_23_02_35_943999,860,377.4195170000312
p01,2025_04_21_23_02_35_943999,861,377.80239349999465
p01,2025_04_21_23_02_35_943999,862,378.25307100004284
p01,2025_04_21_23_02_35_943999,863,378.70242660003714
p01,2025_04_21_23_02_35_943999,864,379.13611399999354
p01,2025_04_21_23_02_35_943999,865,379.53544200002216
p01,2025_04_21_23_02_35_943999,866,379.92104809999
p01,2025_04_21_23_02_35_943999,867,380.3541177000152
p01,2025_04_21_23_02_35_943999,868,380.7693059000303
p01,2025_04_21_23_02_35_943999,869,381.1853575000423
p01,2025_04_21_23_02_35_943999,870,381.6019968999899
p01,2025_04_21_23_02_35_943999,871,382.00326660001883
p01,2025_04_21_23_02_35_943999,872,382.370588699996
p01,2025_04_21_23_02_35_943999,873,382.85245390003547
p01,2025_04_21_23_02_35_943999,874,383.30270220001694
p01,2025_04_21_23_02_35_943999,875,383.7019622999942
p01,2025_04_21_23_02_35_943999,876,384.1206104000448
p01,2025_04_21_23_02_35_943999,877,384.5190001000301
p01,2025_04_21_23_02_35_943999,878,384.9196724999929
p01,2025_04_21_23_02_35_943999,879,385.33758079999825
p01,2025_04_21_23_02_35_943999,880,385.7197314000223
p01,2025_04_21_23_02_35_943999,881,386.18724860000657
p01,2025_04_21_23_02_35_943999,882,386.58778750000056
p01,2025_04_21_23_02_35_943999,883,387.00222160003614
p01,2025_04_21_23_02_35_943999,884,387.4198681000271
p01,2025_04_21_23_02_35_943999,885,387.8698549999972
p01,2025_04_21_23_02_35_943999,886,388.285894700035
p01,2025_04_21_23_02_35_943999,887,388.7196119000437
p01,2025_04_21_23_02_35_943999,888,389.0864503000048
p01,2025_04_21_23_02_35_943999,889,389.521169500018
p01,2025_04_21_23_02_35_943999,890,389.9198230000329
p01,2025_04_21_23_02_35_943999,891,390.3355317999958
p01,2025_04_21_23_02_35_943999,892,390.7021395000047
p01,2025_04_21_23_02_35_943999,893,391.1687436000211
p01,2025_04_21_23_02_35_943999,894,391.60288080002647
p01,2025_04_21_23_02_35_943999,895,392.03789530001814
p01,2025_04_21_23_02_35_943999,896,392.4872497000033
p01,2025_04_21_23_02_35_943999,897,392.88696390000405
p01,2025_04_21_23_02_35_943999,898,393.33557460003067
p01,2025_04_21_23_02_35_943999,899,393.751934800006
p01,2025_04_21_23_02_35_943999,900,394.18540290003875
p01,2025_04_21_23_02_35_943999,901,394.5868252000073
p01,2025_04_21_23_02_35_943999,902,395.0201731999987
p01,2025_04_21_23_02_35_943999,903,395.50320550001925
p01,2025_04_21_23_02_35_943999,904,395.952673199994
p01,2025_04_21_23_02_35_943999,905,396.3685272000148
p01,2025_04_21_23_02_35_943999,906,396.88628790003713
p01,2025_04_21_23_02_35_943999,907,399.4362410000176
p01,2025_04_21_23_02_35_943999,908,399.81952220003586
p01,2025_04_21_23_02_35_943999,909,400.2368829000043
p01,2025_04_21_23_02_35_943999,910,400.65202929999214
p01,2025_04_21_23_02_35_943999,911,401.0371909000096
p01,2025_04_21_23_02_35_943999,912,401.45215670001926
p01,2025_04_21_23_02_35_943999,913,401.9354773000232
p01,2025_04_21_23_02_35_943999,914,402.2865032000118
p01,2025_04_21_23_02_35_943999,915,402.66937160003
p01,2025_04_21_23_02_35_943999,916,403.1026400999981
p01,2025_04_21_23_02_35_943999,917,403.502639000013
p01,2025_04_21_23_02_35_943999,918,403.9195177000365
p01,2025_04_21_23_02_35_943999,919,404.31960240000626
p01,2025_04_21_23_02_35_943999,920,404.71978859999217
p01,2025_04_21_23_02_35_943999,921,405.12001350003993
p01,2025_04_21_23_02_35_943999,922,405.5354721000185
p01,2025_04_21_23_02_35_943999,923,405.95301570004085
p01,2025_04_21_23_02_35_943999,924,406.3529196000309
p01,2025_04_21_23_02_35_943999,925,406.75353230000474
p01,2025_04_21_23_02_35_943999,926,407.1366919000284
p01,2025_04_21_23_02_35_943999,927,407.53557940002065
p01,2025_04_21_23_02_35_943999,928,407.93621760001406
p01,2025_04_21_23_02_35_943999,929,408.303660900041
p01,2025_04_21_23_02_35_943999,930,408.70322140003555
p01,2025_04_21_23_02_35_943999,931,409.1185637000017
p01,2025_04_21_23_02_35_943999,932,409.50343260000227
p01,2025_04_21_23_02_35_943999,933,409.90325620002113
p01,2025_04_21_23_02_35_943999,934,410.3036883000168
p01,2025_04_21_23_02_35_943999,935,410.70312230003765
p01,2025_04_21_23_02_35_943999,936,411.06953670002986
p01,2025_04_21_23_02_35_943999,937,411.453743799997
p01,2025_04_21_23_02_35_943999,938,411.8353993000346
p01,2025_04_21_23_02_35_943999,939,412.186933399993
p01,2025_04_21_23_02_35_943999,940,412.5702928000246
p01,2025_04_21_23_02_35_943999,941,413.0202941999887
p01,2025_04_21_23_02_35_943999,942,413.46980210003676
p01,2025_04_21_23_02_35_943999,943,413.91976210003486
p01,2025_04_21_23_02_35_943999,944,414.30269929999486
p01,2025_04_21_23_02_35_943999,945,414.7869753999985
p01,2025_04_21_23_02_35_943999,946,415.1857248999877
p01,2025_04_21_23_02_35_943999,947,415.58807110000635
p01,2025_04_21_23_02_35_943999,948,416.0205324999988
p01,2025_04_21_23_02_35_943999,949,416.38688010000624
p01,2025_04_21_23_02_35_943999,950,416.8190579999937
p01,2025_04_21_23_02_35_943999,951,417.23730000003707
p01,2025_04_21_23_02_35_943999,952,417.65351380000357
p01,2025_04_21_23_02_35_943999,953,418.0529636000283
p01,2025_04_21_23_02_35_943999,954,418.43705150001915
p01,2025_04_21_23_02_35_943999,955,418.8544496000395
p01,2025_04_21_23_02_35_943999,956,419.25392400001874
p01,2025_04_21_23_02_35_943999,957,419.6869080000324
p01,2025_04_21_23_02_35_943999,958,420.0871020000195
p01,2025_04_21_23_02_35_943999,959,420.502990900015
p01,2025_04_21_23_02_35_943999,960,420.9018064000411
p01,2025_04_21_23_02_35_943999,961,421.33623409998836
p01,2025_04_21_23_02_35_943999,962,421.7361665000208
p01,2025_04_21_23_02_35_943999,963,422.11925119999796
p01,2025_04_21_23_02_35_943999,964,422.55324700003257
p01,2025_04_21_23_02_35_943999,965,422.8858945000102
p01,2025_04_21_23_02_35_943999,966,423.3193261999986
p01,2025_04_21_23_02_35_943999,967,423.77091530000325
p01,2025_04_21_23_02_35_943999,968,424.20363410003483
p01,2025_04_21_23_02_35_943999,969,424.60339830000885
p01,2025_04_21_23_02_35_943999,970,425.01965219998965
p01,2025_04_21_23_02_35_943999,971,425.41960840002866
p01,2025_04_21_23_02_35_943999,972,425.835392100038
p01,2025_04_21_23_02_35_943999,973,426.27022860001307
p01,2025_04_21_23_02_35_943999,974,426.66965550003806
p01,2025_04_21_23_02_35_943999,975,427.05303080001613
p01,2025_04_21_23_02_35_943999,976,427.4702630999964
p01,2025_04_21_23_02_35_943999,977,427.92004880000604
p01,2025_04_21_23_02_35_943999,978,428.27044390002266
p01,2025_04_21_23_02_35_943999,979,428.6869275000063
p01,2025_04_21_23_02_35_943999,980,429.1215413000318
p01,2025_04_21_23_02_35_943999,981,429.5368593999883
p01,2025_04_21_23_02_35_943999,982,429.91974400001345
p01,2025_04_21_23_02_35_943999,983,430.33647109998856
p01,2025_04_21_23_02_35_943999,984,430.7198648999911
p01,2025_04_21_23_02_35_943999,985,431.1205924000242
p01,2025_04_21_23_02_35_943999,986,431.50279360002605
p01,2025_04_21_23_02_35_943999,987,431.9189340000157
p01,2025_04_21_23_02_35_943999,988,432.3038273000275
p01,2025_04_21_23_02_35_943999,989,432.7191264000139
p01,2025_04_21_23_02_35_943999,990,433.0695446000318
p01,2025_04_21_23_02_35_943999,991,433.50316150003346
p01,2025_04_21_23_02_35_943999,992,433.93659040000057
p01,2025_04_21_23_02_35_943999,993,434.33637199999066
p01,2025_04_21_23_02_35_943999,994,434.75210000004154
p01,2025_04_21_23_02_35_943999,995,435.1202667999896
p01,2025_04_21_23_02_35_943999,996,435.5367471000063
p01,2025_04_21_23_02_35_943999,997,435.96969470003387
p01,2025_04_21_23_02_35_943999,998,436.3694561999873
p01,2025_04_21_23_02_35_943999,999,436.7563141999999
